Module ID,Isc [A],Voc [V],Impp [A],Vmpp [V],Pmax [W],Irradiance [W/m2],T [C],Nameplate [W]
MOD-001,11.6,49.5,11.0,41.2,453.2,1005,24,450
MOD-002,11.5,49.3,10.95,41.1,450.0,1000,25,450
MOD-003,11.65,49.8,11.05,41.4,457.6,1008,23,450
MOD-004,11.55,49.4,11.0,41.25,453.75,995,26,450
MOD-005,11.60,49.3,9.80,40.8,399.84,1002,24,450
MOD-006,11.6,49.6,11.08,41.3,457.3,1010,25,450
MOD-007,11.5,49.4,11.0,41.2,464.0,1000,24,450
MOD-008,11.7,49.5,11.1,41.3,458.7,1005,25,450
MOD-009,11.65,49.7,11.08,41.4,458.7,990,25,450
MOD-010,11.6,,11.0,41.2,453.2,1000,24,450
MOD-011,n/a,49.3,11.0,41.2,453.2,1008,25,450
MOD-001,11.55,49.5,11.0,41.3,453.3,1000,24,450
MOD-012,11.2,49.4,11.5,41.0,471.5,1000,25,450
